HRR,Total Hospital Beds,Total ICU Beds,Available Hospital Beds,Potentially Available Hospital Beds*,Available ICU Beds,Potentially Available ICU Beds*,Adult Population,Projected Infected Individuals,Projected Hospitalized Individuals,Projected Individuals Needing ICU Care,"Hospital Beds Needed, Six Months","Percentage of Available Beds Needed, Six Months","Percentage of Potentially Available Beds Needed, Six Months","Percentage of Total Beds Needed, Six Months","Hospital Beds Needed, Twelve Months","Percentage of Available Beds Needed, Twelve Months","Percentage of Potentially Available Beds Needed, Twelve Months","Percentage of Total Beds Needed, Twelve Months","Hospital Beds Needed, Eighteen Months","Percentage of Available Beds Needed, Eighteen Months","Percentage of Potentially Available Beds Needed, Eighteen Months","Percentage of Total Beds Needed, Eighteen Months","ICU Beds Needed, Six Months","Percentage of Available ICU Beds Needed, Six Months","Percentage of Potentially Available ICU Beds Needed, Six Months","Percentage of Total ICU Beds Needed, Six Months","ICU Beds Needed, Twelve Months","Percentage of Available ICU Beds Needed, Twelve Months","Percentage of Potentially Available ICU Beds Needed, Twelve Months","Percentage of Total ICU Beds Needed, Twelve Months","ICU Beds Needed, Eighteen Months","Percentage of Available ICU Beds Needed, Eighteen Months","Percentage of Potentially Available ICU Beds Needed, Eighteen Months","Percentage of Total ICU Beds Needed, Eighteen Months"
TX,980,127,565,772,68,98,"226,444","45,289",9.563,2.09,638,1.13,0.83,0.65,319,0.56,0.41,0.33,208,0.37,0.27,0.21,139,2.04,1.42,1.09,70,1.03,0.71,0.55,45,0.66,0.46,0.35
OH,1358,186,518,938,94,140,"547,990","109,598",22.933,4.959,1.529,2.95,1.63,1.13,764,1.47,0.81,0.56,499,0.96,0.53,0.37,331,3.52,2.36,1.78,165,1.76,1.18,0.89,108,1.15,0.77,0.58
CA,2.695,293,665,1.68,139,216,"1,310,189","262,038",53.872,11.4,3.591,5.4,2.14,1.33,1.796,2.7,1.07,0.67,1.171,1.76,0.7,0.43,760,5.47,3.52,2.59,380,2.73,1.76,1.3,248,1.78,1.15,0.85
GA,704,60,221,462,27,43,"157,143","31,429",6.55,1.41,437,1.98,0.95,0.62,218,0.99,0.47,0.31,142,0.64,0.31,0.2,94,3.48,2.19,1.57,47,1.74,1.09,0.78,31,1.15,0.72,0.52
NY,4.804,425,1.579,3.191,193,309,"1,477,723","295,545",62.209,13.545,4.147,2.63,1.3,0.86,2.074,1.31,0.65,0.43,1.352,0.86,0.42,0.28,903,4.68,2.92,2.12,452,2.34,1.46,1.06,294,1.52,0.95,0.69
NM,2.908,380,1.102,2.005,161,270,"1,336,795","267,359",56.108,12.174,3.741,3.39,1.87,1.29,1.87,1.7,0.93,0.64,1.22,1.11,0.61,0.42,812,5.04,3.01,2.14,406,2.52,1.5,1.07,265,1.65,0.98,0.7
LA,917,43,402,660,20,31,"221,597","44,319",9.266,2.002,618,1.54,0.94,0.67,309,0.77,0.47,0.34,201,0.5,0.3,0.22,133,6.65,4.29,3.09,67,3.35,2.16,1.56,44,2.2,1.42,1.02
PA,3.267,334,1.267,2.267,143,238,"960,572","192,114",40.442,8.807,2.696,2.13,1.19,0.83,1.348,1.06,0.59,0.41,879,0.69,0.39,0.27,587,4.1,2.47,1.76,294,2.06,1.24,0.88,191,1.34,0.8,0.57
PA,555,61,234,394,27,44,"234,560","46,912",9.986,2.203,666,2.85,1.69,1.2,333,1.42,0.85,0.6,217,0.93,0.55,0.39,147,5.44,3.34,2.41,73,2.7,1.66,1.2,48,1.78,1.09,0.79
TX,1.236,194,678,957,79,137,"332,671","66,534",13.806,2.955,920,1.36,0.96,0.74,460,0.68,0.48,0.37,300,0.44,0.31,0.24,197,2.49,1.44,1.02,98,1.24,0.72,0.51,64,0.81,0.47,0.33
AK,1.583,130,533,1.058,55,93,"551,912","110,382",22.385,4.656,1.492,2.8,1.41,0.94,746,1.4,0.71,0.47,487,0.91,0.46,0.31,310,5.64,3.33,2.38,155,2.82,1.67,1.19,101,1.84,1.09,0.78
MI,3.014,406,876,1.945,122,264,"1,115,589","223,118",46.365,9.942,3.091,3.53,1.59,1.03,1.546,1.76,0.79,0.51,1.008,1.15,0.52,0.33,663,5.43,2.51,1.63,331,2.71,1.25,0.82,216,1.77,0.82,0.53
WI,448,72,222,335,37,54,"254,546","50,909",10.668,2.31,711,3.2,2.12,1.59,356,1.6,1.06,0.79,232,1.05,0.69,0.52,154,4.16,2.85,2.14,77,2.08,1.43,1.07,50,1.35,0.93,0.69
VA,3.116,450,995,2.055,173,312,"1,909,537","381,907",77.695,16.225,5.18,5.21,2.52,1.66,2.59,2.6,1.26,0.83,1.689,1.7,0.82,0.54,1.082,6.25,3.47,2.4,541,3.13,1.73,1.2,353,2.04,1.13,0.78
NC,1.541,232,556,1.048,76,154,"553,131","110,626",23.804,5.316,1.587,2.85,1.51,1.03,793,1.43,0.76,0.51,517,0.93,0.49,0.34,354,4.66,2.3,1.53,177,2.33,1.15,0.76,116,1.53,0.75,0.5
GA,12.78,1.621,3.338,8.059,436,1.029,"5,027,281","1,005,456",206.224,43.511,13.748,4.12,1.71,1.08,6.874,2.06,0.85,0.54,4.483,1.34,0.56,0.35,2.901,6.65,2.82,1.79,1.45,3.33,1.41,0.89,946,2.17,0.92,0.58
GA,2.194,349,831,1.512,106,227,"540,242","108,048",22.537,4.854,1.502,1.81,0.99,0.68,751,0.9,0.5,0.34,490,0.59,0.32,0.22,324,3.06,1.43,0.93,162,1.53,0.71,0.46,106,1,0.47,0.3
IL,527,55,286,406,25,40,"245,644","49,129",9.981,2.081,665,2.33,1.64,1.26,333,1.16,0.82,0.63,217,0.76,0.53,0.41,139,5.56,3.48,2.53,69,2.76,1.73,1.25,45,1.8,1.13,0.82
TX,2.775,393,1.003,1.889,161,277,"1,523,446","304,689",61.851,12.88,4.123,4.11,2.18,1.49,2.062,2.06,1.09,0.74,1.345,1.34,0.71,0.48,859,5.34,3.1,2.19,429,2.66,1.55,1.09,280,1.74,1.01,0.71
CA,2.429,191,692,1.561,88,140,"847,115","169,423",34.533,7.229,2.302,3.33,1.47,0.95,1.151,1.66,0.74,0.47,751,1.09,0.48,0.31,482,5.48,3.44,2.52,241,2.74,1.72,1.26,157,1.78,1.12,0.82
MD,6.931,844,1.887,4.409,303,574,"2,015,003","403,001",83.786,17.976,5.586,2.96,1.27,0.81,2.793,1.48,0.63,0.4,1.821,0.97,0.41,0.26,1.198,3.95,2.09,1.42,599,1.98,1.04,0.71,391,1.29,0.68,0.46
ME,1.094,100,400,747,28,64,"318,554","63,711",13.585,3.003,906,2.27,1.21,0.83,453,1.13,0.61,0.41,295,0.74,0.39,0.27,200,7.14,3.13,2,100,3.57,1.56,1,65,2.32,1.02,0.65
LA,2.898,249,1.159,2.028,119,184,"746,856","149,371",30.795,6.539,2.053,1.77,1.01,0.71,1.026,0.89,0.51,0.35,669,0.58,0.33,0.23,436,3.66,2.37,1.75,218,1.83,1.18,0.88,142,1.19,0.77,0.57
TX,908,114,421,665,43,79,"356,372","71,274",14.884,3.21,992,2.36,1.49,1.09,496,1.18,0.75,0.55,324,0.77,0.49,0.36,214,4.98,2.71,1.88,107,2.49,1.35,0.94,70,1.63,0.89,0.61
OR,415,38,182,298,17,27,"189,876","37,975",8.114,1.798,541,2.97,1.82,1.3,270,1.48,0.91,0.65,176,0.97,0.59,0.42,120,7.06,4.44,3.16,60,3.53,2.22,1.58,39,2.29,1.44,1.03
MT,2.432,148,931,1.681,65,106,"476,520","95,304",19.964,4.322,1.331,1.43,0.79,0.55,665,0.71,0.4,0.27,434,0.47,0.26,0.18,288,4.43,2.72,1.95,144,2.22,1.36,0.97,94,1.45,0.89,0.64
NY,1.005,54,365,685,17,35,"286,154","57,231",12.148,2.671,810,2.22,1.18,0.81,405,1.11,0.59,0.4,264,0.72,0.39,0.26,178,10.47,5.09,3.3,89,5.24,2.54,1.65,58,3.41,1.66,1.07
AL,7.297,991,2.756,5.027,342,666,"1,774,690","354,938",74.366,16.104,4.958,1.8,0.99,0.68,2.479,0.9,0.49,0.34,1.617,0.59,0.32,0.22,1.074,3.14,1.61,1.08,537,1.57,0.81,0.54,350,1.02,0.53,0.35
ND,970,80,422,696,43,62,"182,581","36,516",7.675,1.668,512,1.21,0.74,0.53,256,0.61,0.37,0.26,167,0.4,0.24,0.17,111,2.58,1.79,1.39,56,1.3,0.9,0.7,36,0.84,0.58,0.45
IL,394,35,201,298,10,23,"160,796","32,159",6.603,1.395,440,2.19,1.48,1.12,220,1.09,0.74,0.56,144,0.72,0.48,0.37,93,9.3,4.04,2.66,46,4.6,2,1.31,30,3,1.3,0.86
IL,2.053,308,583,1.318,118,213,"670,968","134,194",28.052,6.058,1.87,3.21,1.42,0.91,935,1.6,0.71,0.46,610,1.05,0.46,0.3,404,3.42,1.9,1.31,202,1.71,0.95,0.66,132,1.12,0.62,0.43
ID,1.773,186,848,1.31,95,141,"701,166","140,233",29.208,6.28,1.947,2.3,1.49,1.1,974,1.15,0.74,0.55,635,0.75,0.48,0.36,419,4.41,2.97,2.25,209,2.2,1.48,1.12,137,1.44,0.97,0.74
MA,10.239,1.157,2.548,6.393,438,798,"4,022,208","804,442",167.702,36.098,11.18,4.39,1.75,1.09,5.59,2.19,0.87,0.55,3.646,1.43,0.57,0.36,2.407,5.5,3.02,2.08,1.203,2.75,1.51,1.04,785,1.79,0.98,0.68
CO,640,90,297,468,43,67,"267,487","53,497",10.964,2.311,731,2.46,1.56,1.14,365,1.23,0.78,0.57,238,0.8,0.51,0.37,154,3.58,2.3,1.71,77,1.79,1.15,0.86,50,1.16,0.75,0.56
FL,822,104,342,582,49,76,"266,378","53,276",11.696,2.671,780,2.28,1.34,0.95,390,1.14,0.67,0.47,254,0.74,0.44,0.31,178,3.63,2.34,1.71,89,1.82,1.17,0.86,58,1.18,0.76,0.56
CT,1.354,132,370,862,65,99,"539,133","107,827",22.428,4.815,1.495,4.04,1.73,1.1,748,2.02,0.87,0.55,488,1.32,0.57,0.36,321,4.94,3.24,2.43,160,2.46,1.62,1.21,105,1.62,1.06,0.8
NY,4.012,282,807,2.41,115,199,"1,094,741","218,948",44.838,9.442,2.989,3.7,1.24,0.75,1.495,1.85,0.62,0.37,975,1.21,0.4,0.24,629,5.47,3.16,2.23,315,2.74,1.58,1.12,205,1.78,1.03,0.73
TX,579,64,317,448,34,49,"230,741","46,148",9.381,1.957,625,1.97,1.4,1.08,313,0.99,0.7,0.54,204,0.64,0.46,0.35,130,3.82,2.65,2.03,65,1.91,1.33,1.02,43,1.26,0.88,0.67
NY,4.713,323,1.228,2.971,95,209,"1,090,373","218,075",45.891,9.989,3.059,2.49,1.03,0.65,1.53,1.25,0.51,0.32,998,0.81,0.34,0.21,666,7.01,3.19,2.06,333,3.51,1.59,1.03,217,2.28,1.04,0.67
VT,1.743,117,587,1.165,65,91,"522,720","104,544",21.841,4.714,1.456,2.48,1.25,0.84,728,1.24,0.62,0.42,475,0.81,0.41,0.27,314,4.83,3.45,2.68,157,2.42,1.73,1.34,102,1.57,1.12,0.87
NJ,6.527,701,2.294,4.41,293,497,"2,208,721","441,744",93.226,20.362,6.215,2.71,1.41,0.95,3.108,1.35,0.7,0.48,2.027,0.88,0.46,0.31,1.357,4.63,2.73,1.94,679,2.32,1.37,0.97,443,1.51,0.89,0.63
OH,1.441,209,706,1.073,97,153,"495,349","99,070",20.988,4.605,1.399,1.98,1.3,0.97,700,0.99,0.65,0.49,456,0.65,0.42,0.32,307,3.16,2.01,1.47,154,1.59,1.01,0.74,100,1.03,0.65,0.48
MO,859,80,398,629,43,62,"202,898","40,580",8.57,1.873,571,1.43,0.91,0.66,286,0.72,0.45,0.33,186,0.47,0.3,0.22,125,2.91,2.02,1.56,62,1.44,1,0.78,41,0.95,0.66,0.51
WY,633,32,378,505,20,26,"152,884","30,577",6.416,1.392,428,1.13,0.85,0.68,214,0.57,0.42,0.34,139,0.37,0.28,0.22,93,4.65,3.58,2.91,46,2.3,1.77,1.44,30,1.5,1.15,0.94
IA,799,44,364,581,22,33,"234,872","46,974",9.841,2.131,656,1.8,1.13,0.82,328,0.9,0.56,0.41,214,0.59,0.37,0.27,142,6.45,4.3,3.23,71,3.23,2.15,1.61,46,2.09,1.39,1.05
SC,3.013,329,975,1.994,101,215,"914,407","182,881",38.477,8.374,2.565,2.63,1.29,0.85,1.283,1.32,0.64,0.43,836,0.86,0.42,0.28,558,5.52,2.6,1.7,279,2.76,1.3,0.85,182,1.8,0.85,0.55
WV,2.62,284,1.167,1.894,97,190,"650,209","130,042",27.667,6.1,1.844,1.58,0.97,0.7,922,0.79,0.49,0.35,601,0.51,0.32,0.23,407,4.2,2.14,1.43,203,2.09,1.07,0.71,133,1.37,0.7,0.47
NC,4.873,770,1.465,3.169,249,510,"2,024,238","404,848",83.639,17.806,5.576,3.81,1.76,1.14,2.788,1.9,0.88,0.57,1.818,1.24,0.57,0.37,1.187,4.77,2.33,1.54,594,2.39,1.16,0.77,387,1.55,0.76,0.5
VA,1.326,155,433,879,35,95,"477,802","95,560",20.069,4.358,1.338,3.09,1.52,1.01,669,1.55,0.76,0.5,436,1.01,0.5,0.33,291,8.31,3.06,1.88,145,4.14,1.53,0.94,95,2.71,1,0.61
TN,1.928,247,651,1.29,59,153,"567,490","113,498",23.87,5.192,1.591,2.44,1.23,0.83,796,1.22,0.62,0.41,519,0.8,0.4,0.27,346,5.86,2.26,1.4,173,2.93,1.13,0.7,113,1.92,0.74,0.46
IL,7.764,912,3.161,5.462,312,612,"2,045,072","409,014",83.532,17.529,5.569,1.76,1.02,0.72,2.784,0.88,0.51,0.36,1.816,0.57,0.33,0.23,1.169,3.75,1.91,1.28,584,1.87,0.95,0.64,381,1.22,0.62,0.42
CA,537,51,153,345,23,37,"239,882","47,976",10.14,2.219,676,4.42,1.96,1.26,338,2.21,0.98,0.63,220,1.44,0.64,0.41,148,6.43,4,2.9,74,3.22,2,1.45,48,2.09,1.3,0.94
OH,3.808,567,1.537,2.673,185,376,"1,293,436","258,687",53.815,11.554,3.588,2.33,1.34,0.94,1.794,1.17,0.67,0.47,1.17,0.76,0.44,0.31,770,4.16,2.05,1.36,385,2.08,1.02,0.68,251,1.36,0.67,0.44
FL,1.571,160,719,1.145,44,102,"434,821","86,964",19.023,4.327,1.268,1.76,1.11,0.81,634,0.88,0.55,0.4,414,0.58,0.36,0.26,288,6.55,2.82,1.8,144,3.27,1.41,0.9,94,2.14,0.92,0.59
OH,7.233,885,2.631,4.932,306,595,"1,602,896","320,579",67.629,14.764,4.509,1.71,0.91,0.62,2.254,0.86,0.46,0.31,1.47,0.56,0.3,0.2,984,3.22,1.65,1.11,492,1.61,0.83,0.56,321,1.05,0.54,0.36
CO,1.295,149,555,925,62,106,"673,350","134,670",27.866,5.944,1.858,3.35,2.01,1.43,929,1.67,1,0.72,606,1.09,0.66,0.47,396,6.39,3.74,2.66,198,3.19,1.87,1.33,129,2.08,1.22,0.87
MO,1.883,199,901,1.392,77,138,"557,924","111,585",23.401,5.073,1.56,1.73,1.12,0.83,780,0.87,0.56,0.41,509,0.56,0.37,0.27,338,4.39,2.45,1.7,169,2.19,1.22,0.85,110,1.43,0.8,0.55
SC,3.026,398,1.053,2.04,151,275,"975,665","195,133",40.678,8.756,2.712,2.58,1.33,0.9,1.356,1.29,0.66,0.45,884,0.84,0.43,0.29,584,3.87,2.12,1.47,292,1.93,1.06,0.73,190,1.26,0.69,0.48
GA,1.105,75,547,826,33,54,"280,815","56,163",11.587,2.463,772,1.41,0.93,0.7,386,0.71,0.47,0.35,252,0.46,0.31,0.23,164,4.97,3.04,2.19,82,2.48,1.52,1.09,54,1.64,1,0.72
OH,6.449,679,2.792,4.62,235,457,"2,405,737","481,147",99.801,21.352,6.653,2.38,1.44,1.03,3.327,1.19,0.72,0.52,2.17,0.78,0.47,0.34,1.423,6.06,3.11,2.1,712,3.03,1.56,1.05,464,1.97,1.02,0.68
CA,1.727,203,675,1.201,81,142,"844,608","168,922",35.118,7.534,2.341,3.47,1.95,1.36,1.171,1.73,0.98,0.68,763,1.13,0.64,0.44,502,6.2,3.54,2.47,251,3.1,1.77,1.24,164,2.02,1.15,0.81
TX,1.135,167,357,746,38,102,"439,951","87,990",18.296,3.926,1.22,3.42,1.64,1.07,610,1.71,0.82,0.54,398,1.11,0.53,0.35,262,6.89,2.57,1.57,131,3.45,1.28,0.78,85,2.24,0.83,0.51
KY,828,93,280,554,39,66,"327,040","65,408",13.511,2.876,901,3.22,1.63,1.09,450,1.61,0.81,0.54,294,1.05,0.53,0.36,192,4.92,2.91,2.06,96,2.46,1.45,1.03,63,1.62,0.95,0.68
TX,10.585,1.292,3.679,7.132,450,871,"3,918,830","783,766",159.993,33.556,10.666,2.9,1.5,1.01,5.333,1.45,0.75,0.5,3.478,0.95,0.49,0.33,2.237,4.97,2.57,1.73,1.119,2.49,1.28,0.87,729,1.62,0.84,0.56
PA,1.664,171,510,1.087,33,102,"481,423","96,285",20.19,4.376,1.346,2.64,1.24,0.81,673,1.32,0.62,0.4,439,0.86,0.4,0.26,292,8.85,2.86,1.71,146,4.42,1.43,0.85,95,2.88,0.93,0.56
IA,1.614,139,699,1.157,66,102,"379,562","75,912",16.06,3.518,1.071,1.53,0.93,0.66,535,0.77,0.46,0.33,349,0.5,0.3,0.22,235,3.56,2.3,1.69,117,1.77,1.15,0.84,76,1.15,0.75,0.55
OH,2.07,294,749,1.41,89,192,"825,712","165,142",34.743,7.56,2.316,3.09,1.64,1.12,1.158,1.55,0.82,0.56,755,1.01,0.54,0.36,504,5.66,2.63,1.71,252,2.83,1.31,0.86,164,1.84,0.85,0.56
MI,1.439,188,462,951,95,142,"382,586","76,517",15.975,3.445,1.065,2.31,1.12,0.74,532,1.15,0.56,0.37,347,0.75,0.36,0.24,230,2.42,1.62,1.22,115,1.21,0.81,0.61,75,0.79,0.53,0.4
CO,5.593,843,2.269,3.931,325,584,"2,380,353","476,071",97.671,20.614,6.511,2.87,1.66,1.16,3.256,1.43,0.83,0.58,2.123,0.94,0.54,0.38,1.374,4.23,2.35,1.63,687,2.11,1.18,0.81,448,1.38,0.77,0.53
IA,2.76,173,1.193,1.977,76,125,"869,785","173,957",36.257,7.802,2.417,2.03,1.22,0.88,1.209,1.01,0.61,0.44,788,0.66,0.4,0.29,520,6.84,4.16,3.01,260,3.42,2.08,1.5,170,2.24,1.36,0.98
MI,4.123,509,1.333,2.728,163,336,"1,315,527","263,105",54.83,11.797,3.655,2.74,1.34,0.89,1.828,1.37,0.67,0.44,1.192,0.89,0.44,0.29,786,4.82,2.34,1.54,393,2.41,1.17,0.77,256,1.57,0.76,0.5
AL,1.335,108,504,919,33,71,"290,096","58,019",12.27,2.687,818,1.62,0.89,0.61,409,0.81,0.45,0.31,267,0.53,0.29,0.2,179,5.42,2.52,1.66,90,2.73,1.27,0.83,58,1.76,0.82,0.54
IA,518,18,228,373,8,13,"125,779","25,156",5.318,1.164,355,1.56,0.95,0.69,177,0.78,0.47,0.34,116,0.51,0.31,0.22,78,9.75,6,4.33,39,4.88,3,2.17,25,3.13,1.92,1.39
MN,1.319,217,508,914,73,145,"274,471","54,894",11.638,2.555,776,1.53,0.85,0.59,388,0.76,0.42,0.29,253,0.5,0.28,0.19,170,2.33,1.17,0.78,85,1.16,0.59,0.39,56,0.77,0.39,0.26
NC,4.505,790,1.125,2.815,241,516,"1,097,252","219,450",45.967,9.951,3.064,2.72,1.09,0.68,1.532,1.36,0.54,0.34,999,0.89,0.35,0.22,663,2.75,1.28,0.84,332,1.38,0.64,0.42,216,0.9,0.42,0.27
NY,9.897,928,1.23,5.564,235,582,"3,811,249","762,250",159.104,34.299,10.607,8.62,1.91,1.07,5.303,4.31,0.95,0.54,3.459,2.81,0.62,0.35,2.287,9.73,3.93,2.46,1.143,4.86,1.96,1.23,746,3.17,1.28,0.8
TX,2.086,274,753,1.42,51,162,"839,182","167,836",34.665,7.378,2.311,3.07,1.63,1.11,1.156,1.54,0.81,0.55,754,1,0.53,0.36,492,9.65,3.04,1.8,246,4.82,1.52,0.9,160,3.14,0.99,0.58
IL,1.239,142,475,857,67,104,"610,597","122,119",25.118,5.318,1.675,3.53,1.95,1.35,837,1.76,0.98,0.68,546,1.15,0.64,0.44,355,5.3,3.41,2.5,177,2.64,1.7,1.25,116,1.73,1.12,0.82
NY,1.036,94,361,699,14,54,"255,069","51,014",10.803,2.369,720,1.99,1.03,0.69,360,1,0.52,0.35,235,0.65,0.34,0.23,158,11.29,2.93,1.68,79,5.64,1.46,0.84,52,3.71,0.96,0.55
OH,453,63,214,333,21,42,"200,261","40,052",8.447,1.843,563,2.63,1.69,1.24,282,1.32,0.85,0.62,184,0.86,0.55,0.41,123,5.86,2.93,1.95,61,2.9,1.45,0.97,40,1.9,0.95,0.63
PA,1.904,184,706,1.305,88,136,"561,138","112,228",23.795,5.225,1.586,2.25,1.22,0.83,793,1.12,0.61,0.42,517,0.73,0.4,0.27,348,3.95,2.56,1.89,174,1.98,1.28,0.95,114,1.3,0.84,0.62
OR,1.208,138,416,812,64,101,"603,572","120,714",25.615,5.63,1.708,4.11,2.1,1.41,854,2.05,1.05,0.71,557,1.34,0.69,0.46,375,5.86,3.71,2.72,188,2.94,1.86,1.36,122,1.91,1.21,0.88
IL,2.032,332,666,1.349,137,234,"711,961","142,392",30.146,6.609,2.01,3.02,1.49,0.99,1.005,1.51,0.74,0.49,655,0.98,0.49,0.32,441,3.22,1.88,1.33,220,1.61,0.94,0.66,144,1.05,0.62,0.43
IN,2.154,328,1.05,1.602,157,243,"528,945","105,789",22.292,4.86,1.486,1.42,0.93,0.69,743,0.71,0.46,0.34,485,0.46,0.3,0.23,324,2.06,1.33,0.99,162,1.03,0.67,0.49,106,0.68,0.44,0.32
WA,951,83,319,635,26,55,"542,404","108,481",22.603,4.862,1.507,4.72,2.37,1.58,753,2.36,1.19,0.79,491,1.54,0.77,0.52,324,12.46,5.89,3.9,162,6.23,2.95,1.95,106,4.08,1.93,1.28
ND,1.872,180,734,1.303,48,114,"432,080","86,416",18.134,3.934,1.209,1.65,0.93,0.65,604,0.82,0.46,0.32,394,0.54,0.3,0.21,262,5.46,2.3,1.46,131,2.73,1.15,0.73,86,1.79,0.75,0.48
MI,1.375,161,458,916,58,109,"426,480","85,296",17.904,3.885,1.194,2.61,1.3,0.87,597,1.3,0.65,0.43,389,0.85,0.42,0.28,259,4.47,2.38,1.61,130,2.24,1.19,0.81,84,1.45,0.77,0.52
SC,1.248,224,481,865,79,151,"287,862","57,572",12.132,2.645,809,1.68,0.94,0.65,404,0.84,0.47,0.32,264,0.55,0.31,0.21,176,2.23,1.17,0.79,88,1.11,0.58,0.39,58,0.73,0.38,0.26
CO,704,31,341,523,14,22,"287,995","57,599",11.841,2.506,789,2.31,1.51,1.12,395,1.16,0.76,0.56,257,0.75,0.49,0.37,167,11.93,7.59,5.39,84,6,3.82,2.71,54,3.86,2.45,1.74
FL,7.323,908,2.753,5.038,292,600,"2,396,614","479,323",102.839,22.893,6.856,2.49,1.36,0.94,3.428,1.25,0.68,0.47,2.236,0.81,0.44,0.31,1.526,5.23,2.54,1.68,763,2.61,1.27,0.84,498,1.71,0.83,0.55
FL,3.115,268,1.089,2.102,97,182,"1,079,022","215,804",48.103,11.163,3.207,2.94,1.53,1.03,1.603,1.47,0.76,0.51,1.046,0.96,0.5,0.34,744,7.67,4.09,2.78,372,3.84,2.04,1.39,243,2.51,1.34,0.91
AR,931,87,487,709,55,71,"281,971","56,394",11.901,2.599,793,1.63,1.12,0.85,397,0.82,0.56,0.43,259,0.53,0.37,0.28,173,3.15,2.44,1.99,87,1.58,1.23,1,56,1.02,0.79,0.64
IN,2.442,376,1.038,1.74,143,259,"651,379","130,276",27.269,5.898,1.818,1.75,1.04,0.74,909,0.88,0.52,0.37,593,0.57,0.34,0.24,393,2.75,1.52,1.05,197,1.38,0.76,0.52,128,0.9,0.49,0.34
TX,4.2,501,1.4,2.8,187,344,"1,764,292","352,858",72.324,15.247,4.822,3.44,1.72,1.15,2.411,1.72,0.86,0.57,1.572,1.12,0.56,0.37,1.016,5.43,2.95,2.03,508,2.72,1.48,1.01,331,1.77,0.96,0.66
CA,1.935,205,547,1.241,77,141,"918,145","183,629",37.675,7.952,2.512,4.59,2.02,1.3,1.256,2.3,1.01,0.65,819,1.5,0.66,0.42,530,6.88,3.76,2.59,265,3.44,1.88,1.29,173,2.25,1.23,0.84
FL,1.834,303,469,1.152,88,195,"464,038","92,808",19.473,4.224,1.298,2.77,1.13,0.71,649,1.38,0.56,0.35,423,0.9,0.37,0.23,282,3.2,1.45,0.93,141,1.6,0.72,0.47,92,1.05,0.47,0.3
IN,1.434,179,638,1.036,95,137,"392,167","78,433",16.441,3.562,1.096,1.72,1.06,0.76,548,0.86,0.53,0.38,357,0.56,0.34,0.25,237,2.49,1.73,1.32,119,1.25,0.87,0.66,77,0.81,0.56,0.43
ND,952,31,374,663,18,24,"130,084","26,017",5.433,1.172,362,0.97,0.55,0.38,181,0.48,0.27,0.19,118,0.32,0.18,0.12,78,4.33,3.25,2.52,39,2.17,1.63,1.26,25,1.39,1.04,0.81
CO,696,75,321,509,33,54,"270,519","54,104",11.364,2.468,758,2.36,1.49,1.09,379,1.18,0.74,0.54,247,0.77,0.49,0.35,165,5,3.06,2.2,82,2.48,1.52,1.09,54,1.64,1,0.72
MI,2.44,236,957,1.699,86,161,"933,913","186,783",38.745,8.289,2.583,2.7,1.52,1.06,1.292,1.35,0.76,0.53,842,0.88,0.5,0.35,553,6.43,3.43,2.34,276,3.21,1.71,1.17,180,2.09,1.12,0.76
MT,937,50,367,652,27,39,"114,922","22,984",4.853,1.061,324,0.88,0.5,0.35,162,0.44,0.25,0.17,106,0.29,0.16,0.11,71,2.63,1.82,1.42,35,1.3,0.9,0.7,23,0.85,0.59,0.46
CO,792,79,396,594,28,54,"294,267","58,853",12.238,2.626,816,2.06,1.37,1.03,408,1.03,0.69,0.52,266,0.67,0.45,0.34,175,6.25,3.24,2.22,88,3.14,1.63,1.11,57,2.04,1.06,0.72
WI,990,112,498,744,43,77,"402,953","80,591",16.986,3.704,1.132,2.27,1.52,1.14,566,1.14,0.76,0.57,369,0.74,0.5,0.37,247,5.74,3.21,2.21,123,2.86,1.6,1.1,81,1.88,1.05,0.72
NC,1.224,135,362,793,47,91,"505,727","101,145",21.128,4.559,1.409,3.89,1.78,1.15,704,1.94,0.89,0.58,459,1.27,0.58,0.38,304,6.47,3.34,2.25,152,3.23,1.67,1.13,99,2.11,1.09,0.73
NC,1.977,339,631,1.304,115,227,"679,309","135,862",28.406,6.136,1.894,3,1.45,0.96,947,1.5,0.73,0.48,618,0.98,0.47,0.31,409,3.56,1.8,1.21,205,1.78,0.9,0.6,133,1.16,0.59,0.39
SC,2.217,282,798,1.507,41,161,"743,619","148,724",31.175,6.755,2.078,2.6,1.38,0.94,1.039,1.3,0.69,0.47,678,0.85,0.45,0.31,450,10.98,2.8,1.6,225,5.49,1.4,0.8,147,3.59,0.91,0.52
MS,609,80,287,448,40,60,"159,671","31,934",6.61,1.411,441,1.54,0.98,0.72,220,0.77,0.49,0.36,144,0.5,0.32,0.24,94,2.35,1.57,1.18,47,1.18,0.78,0.59,31,0.78,0.52,0.39
NJ,3.819,175,1.057,2.438,98,137,"1,048,868","209,774",43.658,9.379,2.911,2.75,1.19,0.76,1.455,1.38,0.6,0.38,949,0.9,0.39,0.25,625,6.38,4.56,3.57,313,3.19,2.28,1.79,204,2.08,1.49,1.17
TX,1.145,120,536,840,44,82,"418,633","83,727",17.353,3.709,1.157,2.16,1.38,1.01,578,1.08,0.69,0.5,377,0.7,0.45,0.33,247,5.61,3.01,2.06,124,2.82,1.51,1.03,81,1.84,0.99,0.68
PA,2.426,211,929,1.677,61,136,"825,408","165,082",34.846,7.613,2.323,2.5,1.39,0.96,1.162,1.25,0.69,0.48,758,0.82,0.45,0.31,508,8.33,3.74,2.41,254,4.16,1.87,1.2,166,2.72,1.22,0.79
CT,2.855,323,751,1.803,115,219,"1,196,337","239,267",50.125,10.853,3.342,4.45,1.85,1.17,1.671,2.23,0.93,0.59,1.09,1.45,0.6,0.38,724,6.3,3.31,2.24,362,3.15,1.65,1.12,236,2.05,1.08,0.73
MS,1.546,85,504,1.025,30,57,"240,419","48,084",10.011,2.152,667,1.32,0.65,0.43,334,0.66,0.33,0.22,218,0.43,0.21,0.14,143,4.77,2.51,1.68,72,2.4,1.26,0.85,47,1.57,0.82,0.55
NC,603,64,253,428,25,45,"229,268","45,854",9.688,2.119,646,2.55,1.51,1.07,323,1.28,0.75,0.54,211,0.83,0.49,0.35,141,5.64,3.13,2.2,71,2.84,1.58,1.11,46,1.84,1.02,0.72
IL,1.041,172,402,721,89,130,"385,733","77,147",15.947,3.397,1.063,2.64,1.47,1.02,532,1.32,0.74,0.51,347,0.86,0.48,0.33,226,2.54,1.74,1.31,113,1.27,0.87,0.66,74,0.83,0.57,0.43
HI,2.623,219,795,1.709,73,146,"1,114,023","222,805",46.857,10.192,3.124,3.93,1.83,1.19,1.562,1.96,0.91,0.6,1.019,1.28,0.6,0.39,679,9.3,4.65,3.1,340,4.66,2.33,1.55,222,3.04,1.52,1.01
LA,707,65,399,553,32,49,"206,176","41,235",8.556,1.831,570,1.43,1.03,0.81,285,0.71,0.52,0.4,186,0.47,0.34,0.26,122,3.81,2.49,1.88,61,1.91,1.24,0.94,40,1.25,0.82,0.62
TX,14.062,1.79,5.13,9.596,652,1.221,"5,278,689","1,055,738",215.206,45.055,14.347,2.8,1.5,1.02,7.174,1.4,0.75,0.51,4.678,0.91,0.49,0.33,3.004,4.61,2.46,1.68,1.502,2.3,1.23,0.84,979,1.5,0.8,0.55
FL,1.188,160,329,758,45,102,"351,228","70,246",15.489,3.553,1.033,3.14,1.36,0.87,516,1.57,0.68,0.43,337,1.02,0.44,0.28,237,5.27,2.32,1.48,118,2.62,1.16,0.74,77,1.71,0.75,0.48
WV,1.561,162,382,971,64,113,"276,340","55,268",11.704,2.567,780,2.04,0.8,0.5,390,1.02,0.4,0.25,254,0.66,0.26,0.16,171,2.67,1.51,1.06,86,1.34,0.76,0.53,56,0.88,0.5,0.35
AL,1.804,248,569,1.187,59,154,"506,155","101,231",21.137,4.558,1.409,2.48,1.19,0.78,705,1.24,0.59,0.39,460,0.81,0.39,0.25,304,5.15,1.97,1.23,152,2.58,0.99,0.61,99,1.68,0.64,0.4
ID,492,44,269,381,24,34,"169,856","33,971",6.995,1.483,466,1.73,1.22,0.95,233,0.87,0.61,0.47,152,0.57,0.4,0.31,99,4.13,2.91,2.25,49,2.04,1.44,1.11,32,1.33,0.94,0.73
IN,7.441,1.081,3.35,5.396,403,742,"2,249,394","449,879",93.321,19.966,6.221,1.86,1.15,0.84,3.111,0.93,0.58,0.42,2.029,0.61,0.38,0.27,1.331,3.3,1.79,1.23,666,1.65,0.9,0.62,434,1.08,0.58,0.4
IA,1.414,147,538,976,64,106,"279,218","55,844",11.618,2.494,775,1.44,0.79,0.55,387,0.72,0.4,0.27,253,0.47,0.26,0.18,166,2.59,1.57,1.13,83,1.3,0.78,0.56,54,0.84,0.51,0.37
MS,4.425,406,1.964,3.194,149,277,"792,834","158,567",33.022,7.099,2.201,1.12,0.69,0.5,1.101,0.56,0.34,0.25,718,0.37,0.22,0.16,473,3.17,1.71,1.17,237,1.59,0.86,0.58,154,1.03,0.56,0.38
TN,1.063,115,423,743,57,86,"256,100","51,220",10.842,2.376,723,1.71,0.97,0.68,361,0.85,0.49,0.34,236,0.56,0.32,0.22,158,2.77,1.84,1.37,79,1.39,0.92,0.69,52,0.91,0.6,0.45
FL,4.947,618,1.625,3.286,183,400,"1,340,118","268,024",55.761,11.973,3.717,2.29,1.13,0.75,1.859,1.14,0.57,0.38,1.212,0.75,0.37,0.24,798,4.36,2,1.29,399,2.18,1,0.65,260,1.42,0.65,0.42
TN,956,94,342,649,39,66,"235,522","47,104",9.926,2.164,662,1.94,1.02,0.69,331,0.97,0.51,0.35,216,0.63,0.33,0.23,144,3.69,2.18,1.53,72,1.85,1.09,0.77,47,1.21,0.71,0.5
PA,741,44,426,584,25,35,"170,816","34,163",7.351,1.642,490,1.15,0.84,0.66,245,0.58,0.42,0.33,160,0.38,0.27,0.22,109,4.36,3.11,2.48,55,2.2,1.57,1.25,36,1.44,1.03,0.82
IL,1.376,149,662,1.019,53,101,"516,812","103,362",21.359,4.549,1.424,2.15,1.4,1.03,712,1.08,0.7,0.52,464,0.7,0.46,0.34,303,5.72,3,2.03,152,2.87,1.5,1.02,99,1.87,0.98,0.66
AR,975,76,403,689,23,50,"185,969","37,194",7.799,1.69,520,1.29,0.75,0.53,260,0.65,0.38,0.27,170,0.42,0.25,0.17,113,4.91,2.26,1.49,56,2.43,1.12,0.74,37,1.61,0.74,0.49
MO,1.045,124,507,776,71,97,"282,798","56,560",11.959,2.618,797,1.57,1.03,0.76,399,0.79,0.51,0.38,260,0.51,0.34,0.25,175,2.46,1.8,1.41,87,1.23,0.9,0.7,57,0.8,0.59,0.46
MI,1.462,139,681,1.072,21,80,"520,196","104,039",21.762,4.703,1.451,2.13,1.35,0.99,725,1.06,0.68,0.5,473,0.69,0.44,0.32,314,14.95,3.93,2.26,157,7.48,1.96,1.13,102,4.86,1.28,0.73
MO,6.736,795,2.646,4.691,286,541,"1,950,902","390,180",81.017,17.355,5.401,2.04,1.15,0.8,2.701,1.02,0.58,0.4,1.761,0.67,0.38,0.26,1.157,4.05,2.14,1.46,578,2.02,1.07,0.73,377,1.32,0.7,0.47
OH,923,138,412,667,42,90,"334,281","66,856",14.093,3.074,940,2.28,1.41,1.02,470,1.14,0.7,0.51,306,0.74,0.46,0.33,205,4.88,2.28,1.49,102,2.43,1.13,0.74,67,1.6,0.74,0.49
TN,1.485,185,668,1.077,75,130,"375,852","75,170",16.067,3.562,1.071,1.6,0.99,0.72,536,0.8,0.5,0.36,349,0.52,0.32,0.24,237,3.16,1.82,1.28,119,1.59,0.92,0.64,77,1.03,0.59,0.42
TN,3.193,299,1.198,2.195,74,186,"1,108,058","221,612",46.87,10.263,3.125,2.61,1.42,0.98,1.562,1.3,0.71,0.49,1.019,0.85,0.46,0.32,684,9.24,3.68,2.29,342,4.62,1.84,1.14,223,3.01,1.2,0.75
WI,650,78,286,468,44,61,"279,590","55,918",11.779,2.567,785,2.74,1.68,1.21,393,1.37,0.84,0.6,256,0.9,0.55,0.39,171,3.89,2.8,2.19,86,1.95,1.41,1.1,56,1.27,0.92,0.72
IN,457,34,193,325,14,24,"199,535","39,907",8.187,1.728,546,2.83,1.68,1.19,273,1.41,0.84,0.6,178,0.92,0.55,0.39,115,8.21,4.79,3.38,58,4.14,2.42,1.71,38,2.71,1.58,1.12
LA,1.716,188,700,1.208,87,137,"477,559","95,512",19.778,4.223,1.319,1.88,1.09,0.77,659,0.94,0.55,0.38,430,0.61,0.36,0.25,282,3.24,2.06,1.5,141,1.62,1.03,0.75,92,1.06,0.67,0.49
LA,830,81,424,627,44,62,"210,604","42,121",8.724,1.863,582,1.37,0.93,0.7,291,0.69,0.46,0.35,190,0.45,0.3,0.23,124,2.82,2,1.53,62,1.41,1,0.77,40,0.91,0.65,0.49
FL,1.046,103,382,714,57,80,"317,384","63,477",13.45,2.951,897,2.35,1.26,0.86,448,1.17,0.63,0.43,292,0.76,0.41,0.28,197,3.46,2.46,1.91,98,1.72,1.23,0.95,64,1.12,0.8,0.62
PA,1.081,98,468,774,40,69,"528,715","105,743",22.229,4.833,1.482,3.17,1.91,1.37,741,1.58,0.96,0.69,483,1.03,0.62,0.45,322,8.05,4.67,3.29,161,4.03,2.33,1.64,105,2.63,1.52,1.07
MI,1.444,240,632,1.038,115,177,"561,636","112,327",23.297,4.984,1.553,2.46,1.5,1.08,777,1.23,0.75,0.54,506,0.8,0.49,0.35,332,2.89,1.88,1.38,166,1.44,0.94,0.69,108,0.94,0.61,0.45
NV,4.165,761,1.088,2.626,162,462,"1,704,994","340,999",70.902,15.213,4.727,4.34,1.8,1.13,2.363,2.17,0.9,0.57,1.541,1.42,0.59,0.37,1.014,6.26,2.19,1.33,507,3.13,1.1,0.67,331,2.04,0.72,0.43
OK,733,76,346,539,32,54,"152,745","30,549",6.344,1.359,423,1.22,0.78,0.58,211,0.61,0.39,0.29,138,0.4,0.26,0.19,91,2.84,1.69,1.2,45,1.41,0.83,0.59,30,0.94,0.56,0.39
NH,939,105,333,636,56,80,"320,499","64,100",13.657,3.016,910,2.73,1.43,0.97,455,1.37,0.72,0.48,297,0.89,0.47,0.32,201,3.59,2.51,1.91,101,1.8,1.26,0.96,66,1.18,0.83,0.63
KY,5.045,579,2.073,3.559,172,375,"1,192,842","238,568",49.724,10.7,3.315,1.6,0.93,0.66,1.657,0.8,0.47,0.33,1.081,0.52,0.3,0.21,713,4.15,1.9,1.23,357,2.08,0.95,0.62,233,1.35,0.62,0.4
NE,2.047,116,1.016,1.532,33,75,"459,005","91,801",19.228,4.162,1.282,1.26,0.84,0.63,641,0.63,0.42,0.31,418,0.41,0.27,0.2,277,8.39,3.69,2.39,139,4.21,1.85,1.2,90,2.73,1.2,0.78
AR,4.854,520,2.174,3.514,177,348,"1,212,482","242,496",50.992,11.09,3.399,1.56,0.97,0.7,1.7,0.78,0.48,0.35,1.109,0.51,0.32,0.23,739,4.18,2.12,1.42,370,2.09,1.06,0.71,241,1.36,0.69,0.46
TX,224,45,98,161,21,33,"161,316","32,263",6.764,1.466,451,4.6,2.8,2.01,225,2.3,1.4,1,147,1.5,0.91,0.66,98,4.67,2.97,2.18,49,2.33,1.48,1.09,32,1.52,0.97,0.71
CA,19.492,2.415,6.594,13.043,942,1.679,"7,874,162","1,574,832",323.312,68.296,21.554,3.27,1.65,1.11,10.777,1.63,0.83,0.55,7.029,1.07,0.54,0.36,4.553,4.83,2.71,1.89,2.277,2.42,1.36,0.94,1.485,1.58,0.88,0.61
KY,4.162,506,1.7,2.931,165,335,"1,385,741","277,148",57.822,12.458,3.855,2.27,1.32,0.93,1.927,1.13,0.66,0.46,1.257,0.74,0.43,0.3,831,5.04,2.48,1.64,415,2.52,1.24,0.82,271,1.64,0.81,0.54
TX,1.811,298,922,1.367,85,191,"546,461","109,292",22.513,4.776,1.501,1.63,1.1,0.83,750,0.81,0.55,0.41,489,0.53,0.36,0.27,318,3.74,1.66,1.07,159,1.87,0.83,0.53,104,1.22,0.54,0.35
VA,1.174,55,309,741,20,37,"217,344","43,469",9.206,2.019,614,1.99,0.83,0.52,307,0.99,0.41,0.26,200,0.65,0.27,0.17,135,6.75,3.65,2.45,67,3.35,1.81,1.22,44,2.2,1.19,0.8
GA,2.295,240,865,1.58,57,149,"568,689","113,738",23.724,5.11,1.582,1.83,1,0.69,791,0.91,0.5,0.34,516,0.6,0.33,0.22,341,5.98,2.29,1.42,170,2.98,1.14,0.71,111,1.95,0.74,0.46
WI,2.443,267,838,1.64,121,194,"886,932","177,386",36.85,7.898,2.457,2.93,1.5,1.01,1.228,1.47,0.75,0.5,801,0.96,0.49,0.33,527,4.36,2.72,1.97,263,2.17,1.36,0.99,172,1.42,0.89,0.64
NH,1.603,137,582,1.092,53,95,"714,679","142,936",29.886,6.456,1.992,3.42,1.82,1.24,996,1.71,0.91,0.62,650,1.12,0.6,0.41,430,8.11,4.53,3.14,215,4.06,2.26,1.57,140,2.64,1.47,1.02
NY,14.834,1.427,3.059,8.946,616,1.021,"4,173,437","834,687",172.372,36.678,11.491,3.76,1.28,0.77,5.746,1.88,0.64,0.39,3.747,1.22,0.42,0.25,2.445,3.97,2.39,1.71,1.223,1.99,1.2,0.86,797,1.29,0.78,0.56
MI,601,47,276,438,18,32,"159,278","31,856",6.802,1.506,453,1.64,1.03,0.75,227,0.82,0.52,0.38,148,0.54,0.34,0.25,100,5.56,3.13,2.13,50,2.78,1.56,1.06,33,1.83,1.03,0.7
WI,706,68,281,494,34,51,"295,582","59,116",12.577,2.773,838,2.98,1.7,1.19,419,1.49,0.85,0.59,273,0.97,0.55,0.39,185,5.44,3.63,2.72,92,2.71,1.8,1.35,60,1.76,1.18,0.88
IA,470,18,239,354,6,12,"100,326","20,065",4.322,967,288,1.21,0.81,0.61,144,0.6,0.41,0.31,94,0.39,0.27,0.2,64,10.67,5.33,3.56,32,5.33,2.67,1.78,21,3.5,1.75,1.17
TX,1.938,350,849,1.394,133,241,"486,579","97,316",19.897,4.181,1.326,1.56,0.95,0.68,663,0.78,0.48,0.34,433,0.51,0.31,0.22,279,2.1,1.16,0.8,139,1.05,0.58,0.4,91,0.68,0.38,0.26
OR,855,72,369,612,25,49,"351,154","70,231",15.16,3.398,1.011,2.74,1.65,1.18,505,1.37,0.83,0.59,330,0.89,0.54,0.39,227,9.08,4.63,3.15,113,4.52,2.31,1.57,74,2.96,1.51,1.03
IL,2.902,334,1.122,2.012,137,236,"1,031,510","206,302",42.716,9.119,2.848,2.54,1.42,0.98,1.424,1.27,0.71,0.49,929,0.83,0.46,0.32,608,4.44,2.58,1.82,304,2.22,1.29,0.91,198,1.45,0.84,0.59
TN,5.054,543,2.045,3.549,139,341,"1,366,198","273,240",56.595,12.087,3.773,1.84,1.06,0.75,1.886,0.92,0.53,0.37,1.23,0.6,0.35,0.24,806,5.8,2.36,1.48,403,2.9,1.18,0.74,263,1.89,0.77,0.48
MS,1.117,57,445,781,19,38,"148,060","29,612",6.241,1.361,416,0.93,0.53,0.37,208,0.47,0.27,0.19,136,0.31,0.17,0.12,91,4.79,2.39,1.6,45,2.37,1.18,0.79,30,1.58,0.79,0.53
AZ,2.091,291,648,1.37,108,200,"1,135,619","227,124",47.196,10.119,3.146,4.85,2.3,1.5,1.573,2.43,1.15,0.75,1.026,1.58,0.75,0.49,675,6.25,3.38,2.32,337,3.12,1.69,1.16,220,2.04,1.1,0.76
LA,857,111,406,631,44,78,"366,346","73,269",15.369,3.333,1.025,2.52,1.62,1.2,512,1.26,0.81,0.6,334,0.82,0.53,0.39,222,5.05,2.85,2,111,2.52,1.42,1,72,1.64,0.92,0.65
FL,9.139,981,2.952,6.045,280,630,"2,741,481","548,296",114.178,24.544,7.612,2.58,1.26,0.83,3.806,1.29,0.63,0.42,2.482,0.84,0.41,0.27,1.636,5.84,2.6,1.67,818,2.92,1.3,0.83,534,1.91,0.85,0.54
WI,5.263,818,2.207,3.735,323,570,"2,079,205","415,841",86.242,18.447,5.749,2.6,1.54,1.09,2.875,1.3,0.77,0.55,1.875,0.85,0.5,0.36,1.23,3.81,2.16,1.5,615,1.9,1.08,0.75,401,1.24,0.7,0.49
MN,6.954,612,2.458,4.706,238,425,"2,570,355","514,071",106.761,22.874,7.117,2.9,1.51,1.02,3.559,1.45,0.76,0.51,2.321,0.94,0.49,0.33,1.525,6.41,3.59,2.49,762,3.2,1.79,1.25,497,2.09,1.17,0.81
ND,916,19,384,650,9,14,"112,434","22,487",4.639,986,309,0.8,0.48,0.34,155,0.4,0.24,0.17,101,0.26,0.16,0.11,66,7.33,4.71,3.47,33,3.67,2.36,1.74,21,2.33,1.5,1.11
MT,1.002,79,455,729,39,59,"315,091","63,018",13.385,2.946,892,1.96,1.22,0.89,446,0.98,0.61,0.45,291,0.64,0.4,0.29,196,5.03,3.32,2.48,98,2.51,1.66,1.24,64,1.64,1.08,0.81
AL,2.066,282,695,1.38,101,191,"648,957","129,791",27.23,5.906,1.815,2.61,1.32,0.88,908,1.31,0.66,0.44,592,0.85,0.43,0.29,394,3.9,2.06,1.4,197,1.95,1.03,0.7,128,1.27,0.67,0.45
CA,1.478,118,467,972,44,81,"680,976","136,195",28.149,5.996,1.877,4.02,1.93,1.27,938,2.01,0.97,0.63,612,1.31,0.63,0.41,400,9.09,4.94,3.39,200,4.55,2.47,1.69,130,2.95,1.6,1.1
LA,1.064,102,561,813,36,69,"204,787","40,957",8.562,1.849,571,1.02,0.7,0.54,285,0.51,0.35,0.27,186,0.33,0.23,0.17,123,3.42,1.78,1.21,62,1.72,0.9,0.61,40,1.11,0.58,0.39
AL,1.225,131,461,843,61,96,"360,863","72,173",15.005,3.219,1,2.17,1.19,0.82,500,1.08,0.59,0.41,326,0.71,0.39,0.27,215,3.52,2.24,1.64,107,1.75,1.11,0.82,70,1.15,0.73,0.53
WV,1.555,155,499,1.027,40,97,"329,288","65,858",13.819,2.998,921,1.85,0.9,0.59,461,0.92,0.45,0.3,300,0.6,0.29,0.19,200,5,2.06,1.29,100,2.5,1.03,0.65,65,1.63,0.67,0.42
NJ,1.862,147,589,1.226,54,101,"795,142","159,028",33.21,7.163,2.214,3.76,1.81,1.19,1.107,1.88,0.9,0.59,722,1.23,0.59,0.39,478,8.85,4.73,3.25,239,4.43,2.37,1.63,156,2.89,1.54,1.06
IN,377,36,129,253,8,22,"128,803","25,761",5.42,1.18,361,2.8,1.43,0.96,181,1.4,0.72,0.48,118,0.91,0.47,0.31,79,9.88,3.59,2.19,39,4.88,1.77,1.08,26,3.25,1.18,0.72
IN,1.5,105,642,1.071,42,74,"239,843","47,969",9.974,2.14,665,1.04,0.62,0.44,332,0.52,0.31,0.22,217,0.34,0.2,0.14,143,3.4,1.93,1.36,71,1.69,0.96,0.68,47,1.12,0.64,0.45
MI,501,57,253,377,40,49,"209,507","41,901",8.829,1.925,589,2.33,1.56,1.18,294,1.16,0.78,0.59,192,0.76,0.51,0.38,128,3.2,2.61,2.25,64,1.6,1.31,1.12,42,1.05,0.86,0.74
CA,456,70,152,304,41,56,"218,503","43,701",9.322,2.062,621,4.09,2.04,1.36,311,2.05,1.02,0.68,203,1.34,0.67,0.45,137,3.34,2.45,1.96,69,1.68,1.23,0.99,45,1.1,0.8,0.64
TN,7.81,1.118,2.987,5.398,317,717,"2,282,662","456,532",94.55,20.19,6.303,2.11,1.17,0.81,3.152,1.06,0.58,0.4,2.055,0.69,0.38,0.26,1.346,4.25,1.88,1.2,673,2.12,0.94,0.6,439,1.38,0.61,0.39
WI,447,46,262,355,25,35,"191,863","38,373",8.049,1.745,537,2.05,1.51,1.2,268,1.02,0.75,0.6,175,0.67,0.49,0.39,116,4.64,3.31,2.52,58,2.32,1.66,1.26,38,1.52,1.09,0.83
NJ,2.177,213,616,1.397,126,170,"845,392","169,078",35.039,7.488,2.336,3.79,1.67,1.07,1.168,1.9,0.84,0.54,762,1.24,0.55,0.35,499,3.96,2.94,2.34,250,1.98,1.47,1.17,163,1.29,0.96,0.77
CT,2.825,286,610,1.717,118,202,"1,177,072","235,414",49.366,10.701,3.291,5.4,1.92,1.16,1.646,2.7,0.96,0.58,1.073,1.76,0.62,0.38,713,6.04,3.53,2.49,357,3.03,1.77,1.25,233,1.97,1.15,0.81
LA,2.491,313,869,1.68,77,195,"554,325","110,865",22.813,4.833,1.521,1.75,0.91,0.61,760,0.87,0.45,0.31,496,0.57,0.3,0.2,322,4.18,1.65,1.03,161,2.09,0.83,0.51,105,1.36,0.54,0.34
NJ,3.636,403,1.033,2.334,195,299,"1,233,539","246,708",50.638,10.694,3.376,3.27,1.45,0.93,1.688,1.63,0.72,0.46,1.101,1.07,0.47,0.3,713,3.66,2.38,1.77,356,1.83,1.19,0.88,232,1.19,0.78,0.58
VA,905,145,251,578,45,95,"447,424","89,485",18.7,4.037,1.247,4.97,2.16,1.38,623,2.48,1.08,0.69,407,1.62,0.7,0.45,269,5.98,2.83,1.86,135,3,1.42,0.93,88,1.96,0.93,0.61
VA,2.543,276,782,1.663,82,179,"1,023,500","204,700",42.203,8.962,2.814,3.6,1.69,1.11,1.407,1.8,0.85,0.55,917,1.17,0.55,0.36,597,7.28,3.34,2.16,299,3.65,1.67,1.08,195,2.38,1.09,0.71
FL,902,150,289,596,51,100,"449,792","89,958",20.608,4.918,1.374,4.75,2.31,1.52,687,2.38,1.15,0.76,448,1.55,0.75,0.5,328,6.43,3.28,2.19,164,3.22,1.64,1.09,107,2.1,1.07,0.71
TX,1.014,101,543,779,38,70,"283,753","56,751",11.603,2.438,774,1.43,0.99,0.76,387,0.71,0.5,0.38,252,0.46,0.32,0.25,163,4.29,2.33,1.61,81,2.13,1.16,0.8,53,1.39,0.76,0.52
UT,750,110,371,561,42,76,"356,000","71,200",14.514,3.039,968,2.61,1.73,1.29,484,1.3,0.86,0.65,316,0.85,0.56,0.42,203,4.83,2.67,1.85,101,2.4,1.33,0.92,66,1.57,0.87,0.6
OK,5.541,582,2.447,3.994,225,404,"1,491,485","298,297",61.978,13.287,4.132,1.69,1.03,0.75,2.066,0.84,0.52,0.37,1.347,0.55,0.34,0.24,886,3.94,2.19,1.52,443,1.97,1.1,0.76,289,1.28,0.72,0.5
WA,558,84,173,365,25,54,"320,156","64,031",13.515,2.952,901,5.21,2.47,1.61,450,2.6,1.23,0.81,294,1.7,0.81,0.53,197,7.88,3.65,2.35,98,3.92,1.81,1.17,64,2.56,1.19,0.76
NE,4.017,449,1.742,2.879,184,317,"1,010,995","202,199",42.124,9.06,2.808,1.61,0.98,0.7,1.404,0.81,0.49,0.35,916,0.53,0.32,0.23,604,3.28,1.91,1.35,302,1.64,0.95,0.67,197,1.07,0.62,0.44
CA,5.813,690,2.236,4.024,293,491,"2,662,559","532,512",109.845,23.341,7.323,3.28,1.82,1.26,3.662,1.64,0.91,0.63,2.388,1.07,0.59,0.41,1.556,5.31,3.17,2.26,778,2.66,1.58,1.13,507,1.73,1.03,0.73
FL,10.004,1.284,3.292,6.648,448,866,"3,130,935","626,187",132.544,29.051,8.836,2.68,1.33,0.88,4.418,1.34,0.66,0.44,2.881,0.88,0.43,0.29,1.937,4.32,2.24,1.51,968,2.16,1.12,0.75,632,1.41,0.73,0.49
FL,872,158,359,616,63,110,"338,880","67,776",14.945,3.429,996,2.77,1.62,1.14,498,1.39,0.81,0.57,325,0.91,0.53,0.37,229,3.63,2.08,1.45,114,1.81,1.04,0.72,75,1.19,0.68,0.47
KY,390,36,175,282,14,25,"112,038","22,408",4.731,1.034,315,1.8,1.12,0.81,158,0.9,0.56,0.41,103,0.59,0.37,0.26,69,4.93,2.76,1.92,34,2.43,1.36,0.94,22,1.57,0.88,0.61
MS,835,29,344,589,15,22,"116,854","23,371",4.858,1.042,324,0.94,0.55,0.39,162,0.47,0.28,0.19,106,0.31,0.18,0.13,69,4.6,3.14,2.38,35,2.33,1.59,1.21,23,1.53,1.05,0.79
KY,1.49,117,779,1.134,57,87,"290,227","58,045",12.367,2.731,824,1.06,0.73,0.55,412,0.53,0.36,0.28,269,0.35,0.24,0.18,182,3.19,2.09,1.56,91,1.6,1.05,0.78,59,1.04,0.68,0.5
CA,974,69,404,689,23,46,"305,976","61,195",13.419,3.06,895,2.22,1.3,0.92,447,1.11,0.65,0.46,292,0.72,0.42,0.3,204,8.87,4.43,2.96,102,4.43,2.22,1.48,67,2.91,1.46,0.97
NJ,1.164,84,527,845,12,48,"310,775","62,155",12.951,2.786,863,1.64,1.02,0.74,432,0.82,0.51,0.37,282,0.54,0.33,0.24,186,15.5,3.88,2.21,93,7.75,1.94,1.11,61,5.08,1.27,0.73
FL,2.001,230,755,1.378,91,160,"636,854","127,371",26.68,5.776,1.779,2.36,1.29,0.89,889,1.18,0.65,0.44,580,0.77,0.42,0.29,385,4.23,2.41,1.67,193,2.12,1.21,0.84,126,1.38,0.79,0.55
IL,1.725,156,643,1.184,71,114,"469,070","93,814",19.84,4.344,1.323,2.06,1.12,0.77,661,1.03,0.56,0.38,431,0.67,0.36,0.25,290,4.08,2.54,1.86,145,2.04,1.27,0.93,94,1.32,0.82,0.6
MI,476,68,178,327,22,45,"142,627","28,525",6.138,1.371,409,2.3,1.25,0.86,205,1.15,0.63,0.43,133,0.75,0.41,0.28,91,4.14,2.02,1.34,46,2.09,1.02,0.68,30,1.36,0.67,0.44
PA,10.697,1.257,3.634,7.165,546,902,"3,331,376","666,275",138.601,29.757,9.24,2.54,1.29,0.86,4.62,1.27,0.64,0.43,3.013,0.83,0.42,0.28,1.984,3.63,2.2,1.58,992,1.82,1.1,0.79,647,1.18,0.72,0.51
AZ,6.977,957,2.567,4.772,416,687,"2,761,090","552,218",115.042,24.742,7.669,2.99,1.61,1.1,3.835,1.49,0.8,0.55,2.501,0.97,0.52,0.36,1.649,3.96,2.4,1.72,825,1.98,1.2,0.86,538,1.29,0.78,0.56
PA,8.133,1.079,2.738,5.436,420,749,"2,324,172","464,834",98.616,21.672,6.574,2.4,1.21,0.81,3.287,1.2,0.6,0.4,2.144,0.78,0.39,0.26,1.445,3.44,1.93,1.34,722,1.72,0.96,0.67,471,1.12,0.63,0.44
MI,911,95,321,616,49,72,"376,936","75,387",15.672,3.362,1.045,3.26,1.7,1.15,522,1.63,0.85,0.57,341,1.06,0.55,0.37,224,4.57,3.11,2.36,112,2.29,1.56,1.18,73,1.49,1.01,0.77
ME,2.524,209,710,1.617,92,151,"876,231","175,246",36.992,8.082,2.466,3.47,1.53,0.98,1.233,1.74,0.76,0.49,804,1.13,0.5,0.32,539,5.86,3.57,2.58,269,2.92,1.78,1.29,176,1.91,1.17,0.84
OR,4.684,661,1.737,3.211,278,469,"2,215,589","443,118",92.039,19.724,6.136,3.53,1.91,1.31,3.068,1.77,0.96,0.65,2.001,1.15,0.62,0.43,1.315,4.73,2.8,1.99,657,2.36,1.4,0.99,429,1.54,0.91,0.65
RI,2.249,293,690,1.47,82,188,"986,702","197,340",41.157,8.863,2.744,3.98,1.87,1.22,1.372,1.99,0.93,0.61,895,1.3,0.61,0.4,591,7.21,3.14,2.02,295,3.6,1.57,1.01,193,2.35,1.03,0.66
UT,941,122,387,664,52,87,"436,975","87,395",17.604,3.63,1.174,3.03,1.77,1.25,587,1.52,0.88,0.62,383,0.99,0.58,0.41,242,4.65,2.78,1.98,121,2.33,1.39,0.99,79,1.52,0.91,0.65
CO,615,28,238,426,7,17,"138,550","27,710",5.881,1.293,392,1.65,0.92,0.64,196,0.82,0.46,0.32,128,0.54,0.3,0.21,86,12.29,5.06,3.07,43,6.14,2.53,1.54,28,4,1.65,1
NC,3.56,375,1.124,2.342,160,267,"1,670,043","334,009",68.631,14.513,4.575,4.07,1.95,1.29,2.288,2.04,0.98,0.64,1.492,1.33,0.64,0.42,968,6.05,3.63,2.58,484,3.03,1.81,1.29,316,1.98,1.18,0.84
SD,878,46,343,610,20,33,"173,590","34,718",7.307,1.591,487,1.42,0.8,0.55,244,0.71,0.4,0.28,159,0.46,0.26,0.18,106,5.3,3.21,2.3,53,2.65,1.61,1.15,35,1.75,1.06,0.76
PA,1.329,99,559,944,50,75,"466,917","93,383",19.638,4.272,1.309,2.34,1.39,0.98,655,1.17,0.69,0.49,427,0.76,0.45,0.32,285,5.7,3.8,2.88,142,2.84,1.89,1.43,93,1.86,1.24,0.94
CA,786,109,284,535,58,83,"276,179","55,236",11.722,2.577,781,2.75,1.46,0.99,391,1.38,0.73,0.5,255,0.9,0.48,0.32,172,2.97,2.07,1.58,86,1.48,1.04,0.79,56,0.97,0.67,0.51
NV,1.886,406,660,1.273,128,267,"605,953","121,191",25.454,5.528,1.697,2.57,1.33,0.9,848,1.28,0.67,0.45,553,0.84,0.43,0.29,369,2.88,1.38,0.91,184,1.44,0.69,0.45,120,0.94,0.45,0.3
VA,4.478,465,1.488,2.983,144,305,"1,409,076","281,815",58.564,12.558,3.904,2.62,1.31,0.87,1.952,1.31,0.65,0.44,1.273,0.86,0.43,0.28,837,5.81,2.74,1.8,419,2.91,1.37,0.9,273,1.9,0.9,0.59
NJ,814,83,275,544,35,59,"338,732","67,746",14.117,3.037,941,3.42,1.73,1.16,471,1.71,0.87,0.58,307,1.12,0.56,0.38,202,5.77,3.42,2.43,101,2.89,1.71,1.22,66,1.89,1.12,0.8
VA,2.189,272,593,1.391,113,192,"569,741","113,948",24.08,5.268,1.605,2.71,1.15,0.73,803,1.35,0.58,0.37,523,0.88,0.38,0.24,351,3.11,1.83,1.29,176,1.56,0.92,0.65,115,1.02,0.6,0.42
MN,1.835,240,594,1.215,90,165,"320,367","64,073",13.533,2.959,902,1.52,0.74,0.49,451,0.76,0.37,0.25,294,0.49,0.24,0.16,197,2.19,1.19,0.82,99,1.1,0.6,0.41,64,0.71,0.39,0.27
NY,3.766,289,827,2.297,87,188,"1,036,499","207,300",43.408,9.393,2.894,3.5,1.26,0.77,1.447,1.75,0.63,0.38,944,1.14,0.41,0.25,626,7.2,3.33,2.17,313,3.6,1.66,1.08,204,2.34,1.09,0.71
IL,1.32,199,613,966,96,147,"552,131","110,426",23.224,5.052,1.548,2.53,1.6,1.17,774,1.26,0.8,0.59,505,0.82,0.52,0.38,337,3.51,2.29,1.69,168,1.75,1.14,0.84,110,1.15,0.75,0.55
GA,733,74,229,481,16,45,"221,920","44,384",9.301,2.015,620,2.71,1.29,0.85,310,1.35,0.64,0.42,202,0.88,0.42,0.28,134,8.38,2.98,1.81,67,4.19,1.49,0.91,44,2.75,0.98,0.59
MI,2.781,324,858,1.819,97,211,"556,198","111,240",23.368,5.076,1.558,1.82,0.86,0.56,779,0.91,0.43,0.28,508,0.59,0.28,0.18,338,3.48,1.6,1.04,169,1.74,0.8,0.52,110,1.13,0.52,0.34
CA,4.381,616,1.315,2.848,224,420,"2,076,640","415,328",86.57,18.631,5.771,4.39,2.03,1.32,2.886,2.19,1.01,0.66,1.882,1.43,0.66,0.43,1.242,5.54,2.96,2.02,621,2.77,1.48,1.01,405,1.81,0.96,0.66
MI,2.396,208,962,1.679,63,136,"489,824","97,965",20.974,4.658,1.398,1.45,0.83,0.58,699,0.73,0.42,0.29,456,0.47,0.27,0.19,311,4.94,2.29,1.5,155,2.46,1.14,0.75,101,1.6,0.74,0.49
OR,487,64,154,321,10,37,"255,161","51,032",10.663,2.302,711,4.62,2.21,1.46,355,2.31,1.11,0.73,232,1.51,0.72,0.48,153,15.3,4.14,2.39,77,7.7,2.08,1.2,50,5,1.35,0.78
CA,740,70,290,515,37,54,"303,247","60,649",12.508,2.657,834,2.88,1.62,1.13,417,1.44,0.81,0.56,272,0.94,0.53,0.37,177,4.78,3.28,2.53,89,2.41,1.65,1.27,58,1.57,1.07,0.83
MD,598,59,187,392,26,43,"371,513","74,303",16.022,3.587,1.068,5.71,2.72,1.79,534,2.86,1.36,0.89,348,1.86,0.89,0.58,239,9.19,5.56,4.05,120,4.62,2.79,2.03,78,3,1.81,1.32
UT,3.999,526,1.804,2.902,277,402,"1,552,687","310,537",63.747,13.464,4.25,2.36,1.46,1.06,2.125,1.18,0.73,0.53,1.386,0.77,0.48,0.35,898,3.24,2.23,1.71,449,1.62,1.12,0.85,293,1.06,0.73,0.56
TX,584,35,323,454,17,26,"126,084","25,217",5.287,1.146,352,1.09,0.78,0.6,176,0.54,0.39,0.3,115,0.36,0.25,0.2,76,4.47,2.92,2.17,38,2.24,1.46,1.09,25,1.47,0.96,0.71
TX,6.234,747,2.477,4.356,216,482,"2,191,766","438,353",90.434,19.219,6.029,2.43,1.38,0.97,3.014,1.22,0.69,0.48,1.966,0.79,0.45,0.32,1.281,5.93,2.66,1.71,641,2.97,1.33,0.86,418,1.94,0.87,0.56
CA,5.691,690,2.125,3.908,231,460,"2,406,889","481,378",98.434,20.69,6.562,3.09,1.68,1.15,3.281,1.54,0.84,0.58,2.14,1.01,0.55,0.38,1.379,5.97,3,2,690,2.99,1.5,1,450,1.95,0.98,0.65
CA,6.178,802,1.949,4.064,358,580,"3,005,567","601,113",123.656,26.186,8.244,4.23,2.03,1.33,4.122,2.11,1.01,0.67,2.688,1.38,0.66,0.44,1.746,4.88,3.01,2.18,873,2.44,1.51,1.09,569,1.59,0.98,0.71
CA,3.776,439,1.139,2.458,203,321,"1,272,753","254,551",52.856,11.323,3.524,3.09,1.43,0.93,1.762,1.55,0.72,0.47,1.149,1.01,0.47,0.3,755,3.72,2.35,1.72,377,1.86,1.17,0.86,246,1.21,0.77,0.56
CA,2.547,341,916,1.731,146,244,"1,456,607","291,321",59.808,12.634,3.987,4.35,2.3,1.57,1.994,2.18,1.15,0.78,1.3,1.42,0.75,0.51,842,5.77,3.45,2.47,421,2.88,1.73,1.23,275,1.88,1.13,0.81
CA,390,54,202,296,33,44,"213,703","42,741",9.013,1.967,601,2.98,2.03,1.54,300,1.49,1.01,0.77,196,0.97,0.66,0.5,131,3.97,2.98,2.43,66,2,1.5,1.22,43,1.3,0.98,0.8
CA,1.555,198,452,1.003,88,143,"666,874","133,375",27.777,5.972,1.852,4.1,1.85,1.19,926,2.05,0.92,0.6,604,1.34,0.6,0.39,398,4.52,2.78,2.01,199,2.26,1.39,1.01,130,1.48,0.91,0.66
CA,858,82,246,552,35,59,"359,828","71,966",14.949,3.204,997,4.05,1.81,1.16,498,2.02,0.9,0.58,325,1.32,0.59,0.38,214,6.11,3.63,2.61,107,3.06,1.81,1.3,70,2,1.19,0.85
CA,359,22,169,264,6,14,"229,413","45,883",9.47,2.014,631,3.73,2.39,1.76,316,1.87,1.2,0.88,206,1.22,0.78,0.57,134,22.33,9.57,6.09,67,11.17,4.79,3.05,44,7.33,3.14,2
CA,1.272,93,306,789,45,69,"402,885","80,577",16.99,3.707,1.133,3.7,1.44,0.89,566,1.85,0.72,0.44,369,1.21,0.47,0.29,247,5.49,3.58,2.66,124,2.76,1.8,1.33,81,1.8,1.17,0.87
FL,1.309,159,604,957,77,118,"374,960","74,992",17.228,4.122,1.149,1.9,1.2,0.88,574,0.95,0.6,0.44,375,0.62,0.39,0.29,275,3.57,2.33,1.73,137,1.78,1.16,0.86,90,1.17,0.76,0.57
GA,2.05,163,650,1.35,55,109,"701,923","140,385",29.327,6.328,1.955,3.01,1.45,0.95,978,1.5,0.72,0.48,638,0.98,0.47,0.31,422,7.67,3.87,2.59,211,3.84,1.94,1.29,138,2.51,1.27,0.85
PA,591,62,215,403,28,45,"153,089","30,618",6.52,1.439,435,2.02,1.08,0.74,217,1.01,0.54,0.37,142,0.66,0.35,0.24,96,3.43,2.13,1.55,48,1.71,1.07,0.77,31,1.11,0.69,0.5
PA,782,65,324,553,31,48,"253,817","50,763",10.851,2.405,723,2.23,1.31,0.92,362,1.12,0.65,0.46,236,0.73,0.43,0.3,160,5.16,3.33,2.46,80,2.58,1.67,1.23,52,1.68,1.08,0.8
WA,4.7,651,1.366,3.033,209,430,"2,421,217","484,243",100.009,21.282,6.667,4.88,2.2,1.42,3.334,2.44,1.1,0.71,2.174,1.59,0.72,0.46,1.419,6.79,3.3,2.18,709,3.39,1.65,1.09,463,2.22,1.08,0.71
LA,2.468,283,1.08,1.774,111,197,"531,003","106,201",22.254,4.82,1.484,1.37,0.84,0.6,742,0.69,0.42,0.3,484,0.45,0.27,0.2,321,2.89,1.63,1.13,161,1.45,0.82,0.57,105,0.95,0.53,0.37
IA,909,59,362,635,23,41,"195,685","39,137",8.226,1.788,548,1.51,0.86,0.6,274,0.76,0.43,0.3,179,0.49,0.28,0.2,119,5.17,2.9,2.02,60,2.61,1.46,1.02,39,1.7,0.95,0.66
SD,4.065,103,1.653,2.859,52,77,"603,563","120,713",25.397,5.527,1.693,1.02,0.59,0.42,847,0.51,0.3,0.21,552,0.33,0.19,0.14,368,7.08,4.78,3.57,184,3.54,2.39,1.79,120,2.31,1.56,1.17
LA,536,137,338,437,70,103,"149,492","29,898",6.301,1.374,420,1.24,0.96,0.78,210,0.62,0.48,0.39,137,0.41,0.31,0.26,92,1.31,0.89,0.67,46,0.66,0.45,0.34,30,0.43,0.29,0.22
IN,1.273,148,551,912,70,109,"539,539","107,908",22.556,4.871,1.504,2.73,1.65,1.18,752,1.36,0.82,0.59,490,0.89,0.54,0.38,325,4.64,2.98,2.2,162,2.31,1.49,1.09,106,1.51,0.97,0.72
SC,809,125,280,545,65,95,"300,991","60,198",12.66,2.754,844,3.01,1.55,1.04,422,1.51,0.77,0.52,275,0.98,0.5,0.34,184,2.83,1.94,1.47,92,1.42,0.97,0.74,60,0.92,0.63,0.48
WA,3.652,355,1.657,2.655,134,245,"1,210,559","242,112",50.782,11.011,3.385,2.04,1.27,0.93,1.693,1.02,0.64,0.46,1.104,0.67,0.42,0.3,734,5.48,3,2.07,367,2.74,1.5,1.03,239,1.78,0.98,0.67
AR,1.144,135,616,880,73,104,"437,572","87,514",18.103,3.86,1.207,1.96,1.37,1.06,603,0.98,0.69,0.53,394,0.64,0.45,0.34,257,3.52,2.47,1.9,129,1.77,1.24,0.96,84,1.15,0.81,0.62
IL,2.426,213,1.172,1.799,79,146,"637,463","127,493",26.999,5.921,1.8,1.54,1,0.74,900,0.77,0.5,0.37,587,0.5,0.33,0.24,395,5,2.71,1.85,197,2.49,1.35,0.92,129,1.63,0.88,0.61
MA,1.588,195,500,1.044,73,134,"600,306","120,061",25.15,5.445,1.677,3.35,1.61,1.06,838,1.68,0.8,0.53,547,1.09,0.52,0.34,363,4.97,2.71,1.86,182,2.49,1.36,0.93,118,1.62,0.88,0.61
MO,2.078,226,819,1.449,67,147,"688,462","137,692",29.331,6.476,1.955,2.39,1.35,0.94,978,1.19,0.67,0.47,638,0.78,0.44,0.31,432,6.45,2.94,1.91,216,3.22,1.47,0.96,141,2.1,0.96,0.62
MN,898,45,227,563,16,31,"203,089","40,618",8.452,1.815,563,2.48,1,0.63,282,1.24,0.5,0.31,184,0.81,0.33,0.2,121,7.56,3.9,2.69,60,3.75,1.94,1.33,39,2.44,1.26,0.87
MI,393,20,238,316,9,14,"110,235","22,047",4.684,1.031,312,1.31,0.99,0.79,156,0.66,0.49,0.4,102,0.43,0.32,0.26,69,7.67,4.93,3.45,34,3.78,2.43,1.7,22,2.44,1.57,1.1
MO,10.187,1.18,4.326,7.257,547,864,"2,666,497","533,299",111.438,24.055,7.429,1.72,1.02,0.73,3.715,0.86,0.51,0.36,2.423,0.56,0.33,0.24,1.604,2.93,1.86,1.36,802,1.47,0.93,0.68,523,0.96,0.61,0.44
MN,1.604,183,582,1.093,48,116,"856,536","171,307",35.367,7.523,2.358,4.05,2.16,1.47,1.179,2.03,1.08,0.74,769,1.32,0.7,0.48,502,10.46,4.33,2.74,251,5.23,2.16,1.37,164,3.42,1.41,0.9
FL,1.424,139,613,1.018,33,86,"354,891","70,978",15.209,3.381,1.014,1.65,1,0.71,507,0.83,0.5,0.36,331,0.54,0.33,0.23,225,6.82,2.62,1.62,113,3.42,1.31,0.81,74,2.24,0.86,0.53
CA,918,121,329,623,41,81,"464,979","92,996",19.135,4.054,1.276,3.88,2.05,1.39,638,1.94,1.02,0.69,416,1.26,0.67,0.45,270,6.59,3.33,2.23,135,3.29,1.67,1.12,88,2.15,1.09,0.73
AZ,845,119,364,604,81,100,"237,503","47,501",11.012,2.658,734,2.02,1.22,0.87,367,1.01,0.61,0.43,239,0.66,0.4,0.28,177,2.19,1.77,1.49,89,1.1,0.89,0.75,58,0.72,0.58,0.49
NY,3.062,243,950,2.006,77,160,"832,908","166,582",34.802,7.511,2.32,2.44,1.16,0.76,1.16,1.22,0.58,0.38,757,0.8,0.38,0.25,501,6.51,3.13,2.06,250,3.25,1.56,1.03,163,2.12,1.02,0.67
WA,1.388,197,366,877,62,129,"642,251","128,450",26.484,5.624,1.766,4.83,2.01,1.27,883,2.41,1.01,0.64,576,1.57,0.66,0.41,375,6.05,2.91,1.9,187,3.02,1.45,0.95,122,1.97,0.95,0.62
MD,1.181,150,294,738,48,99,"789,639","157,928",32.34,6.81,2.156,7.33,2.92,1.83,1.078,3.67,1.46,0.91,703,2.39,0.95,0.6,454,9.46,4.59,3.03,227,4.73,2.29,1.51,148,3.08,1.49,0.99
FL,2.242,193,603,1.423,50,122,"668,985","133,797",27.678,5.902,1.845,3.06,1.3,0.82,923,1.53,0.65,0.41,602,1,0.42,0.27,393,7.86,3.22,2.04,197,3.94,1.61,1.02,128,2.56,1.05,0.66
FL,4.005,515,1.289,2.647,165,340,"1,170,264","234,053",48.616,10.418,3.241,2.51,1.22,0.81,1.621,1.26,0.61,0.4,1.057,0.82,0.4,0.26,695,4.21,2.04,1.35,347,2.1,1.02,0.67,226,1.37,0.66,0.44
TX,985,162,390,688,50,106,"409,683","81,937",16.707,3.499,1.114,2.86,1.62,1.13,557,1.43,0.81,0.57,363,0.93,0.53,0.37,233,4.66,2.2,1.44,117,2.34,1.1,0.72,76,1.52,0.72,0.47
IN,468,64,207,337,37,50,"140,148","28,030",5.868,1.27,391,1.89,1.16,0.84,196,0.95,0.58,0.42,128,0.62,0.38,0.27,85,2.3,1.7,1.33,42,1.14,0.84,0.66,28,0.76,0.56,0.44
AR,656,90,383,519,62,76,"198,305","39,661",8.365,1.826,558,1.46,1.08,0.85,279,0.73,0.54,0.43,182,0.48,0.35,0.28,122,1.97,1.61,1.36,61,0.98,0.8,0.68,40,0.65,0.53,0.44
OH,2.679,456,1.122,1.9,179,317,"767,671","153,534",32.132,6.949,2.142,1.91,1.13,0.8,1.071,0.95,0.56,0.4,699,0.62,0.37,0.26,463,2.59,1.46,1.02,232,1.3,0.73,0.51,151,0.84,0.48,0.33
KS,1.304,112,594,949,49,80,"352,693","70,539",14.705,3.165,980,1.65,1.03,0.75,490,0.82,0.52,0.38,320,0.54,0.34,0.25,211,4.31,2.64,1.88,106,2.16,1.33,0.95,69,1.41,0.86,0.62
MI,756,26,293,525,7,17,"189,619","37,924",8.202,1.842,547,1.87,1.04,0.72,273,0.93,0.52,0.36,178,0.61,0.34,0.24,123,17.57,7.24,4.73,61,8.71,3.59,2.35,40,5.71,2.35,1.54
AZ,2.677,335,1.184,1.93,161,248,"971,119","194,224",41.312,9.106,2.754,2.33,1.43,1.03,1.377,1.16,0.71,0.51,898,0.76,0.47,0.34,607,3.77,2.45,1.81,304,1.89,1.23,0.91,198,1.23,0.8,0.59
OK,4.185,486,1.783,2.984,159,323,"1,070,712","214,142",44.742,9.657,2.983,1.67,1,0.71,1.491,0.84,0.5,0.36,973,0.55,0.33,0.23,644,4.05,1.99,1.33,322,2.03,1,0.66,210,1.32,0.65,0.43
MS,1.634,104,818,1.226,61,83,"308,796","61,759",12.897,2.782,860,1.05,0.7,0.53,430,0.53,0.35,0.26,280,0.34,0.23,0.17,185,3.03,2.23,1.78,93,1.52,1.12,0.89,60,0.98,0.72,0.58
AL,1.066,143,297,681,37,90,"215,194","43,039",8.898,1.896,593,2,0.87,0.56,297,1,0.44,0.28,193,0.65,0.28,0.18,126,3.41,1.4,0.88,63,1.7,0.7,0.44,41,1.11,0.46,0.29
TX,1.338,224,527,932,127,176,"437,181","87,436",18.489,4.048,1.233,2.34,1.32,0.92,616,1.17,0.66,0.46,402,0.76,0.43,0.3,270,2.13,1.53,1.21,135,1.06,0.77,0.6,88,0.69,0.5,0.39
IL,1.047,99,480,764,54,77,"361,763","72,353",15.059,3.235,1.004,2.09,1.31,0.96,502,1.05,0.66,0.48,327,0.68,0.43,0.31,216,4,2.81,2.18,108,2,1.4,1.09,70,1.3,0.91,0.71
CA,1.087,163,278,682,94,128,"669,683","133,937",27.815,5.959,1.854,6.67,2.72,1.71,927,3.33,1.36,0.85,605,2.18,0.89,0.56,397,4.22,3.1,2.44,199,2.12,1.55,1.22,130,1.38,1.02,0.8
TX,574,46,352,463,18,32,"115,052","23,010",4.857,1.061,324,0.92,0.7,0.56,162,0.46,0.35,0.28,106,0.3,0.23,0.18,71,3.94,2.22,1.54,35,1.94,1.09,0.76,23,1.28,0.72,0.5
TX,720,60,261,490,24,42,"264,389","52,878",11.077,2.398,738,2.83,1.51,1.03,369,1.41,0.75,0.51,241,0.92,0.49,0.33,160,6.67,3.81,2.67,80,3.33,1.9,1.33,52,2.17,1.24,0.87
DC,5.055,601,1.595,3.325,218,409,"2,179,021","435,804",90.001,19.152,6,3.76,1.8,1.19,3,1.88,0.9,0.59,1.957,1.23,0.59,0.39,1.277,5.86,3.12,2.12,638,2.93,1.56,1.06,416,1.91,1.02,0.69
IA,668,36,340,504,19,28,"167,837","33,567",7.067,1.539,471,1.39,0.93,0.71,236,0.69,0.47,0.35,154,0.45,0.31,0.23,103,5.42,3.68,2.86,51,2.68,1.82,1.42,33,1.74,1.18,0.92
WI,403,72,152,278,45,59,"150,679","30,136",6.415,1.415,428,2.82,1.54,1.06,214,1.41,0.77,0.53,139,0.91,0.5,0.34,94,2.09,1.59,1.31,47,1.04,0.8,0.65,31,0.69,0.53,0.43
NY,2.973,243,597,1.785,137,190,"896,882","179,376",37.473,8.086,2.498,4.18,1.4,0.84,1.249,2.09,0.7,0.42,815,1.37,0.46,0.27,539,3.93,2.84,2.22,270,1.97,1.42,1.11,176,1.28,0.93,0.72
TX,516,24,298,407,8,16,"154,615","30,923",6.479,1.403,432,1.45,1.06,0.84,216,0.72,0.53,0.42,141,0.47,0.35,0.27,94,11.75,5.88,3.92,47,5.88,2.94,1.96,30,3.75,1.88,1.25
KS,4.59,442,2.225,3.407,202,322,"951,715","190,343",39.94,8.664,2.663,1.2,0.78,0.58,1.331,0.6,0.39,0.29,868,0.39,0.25,0.19,578,2.86,1.8,1.31,289,1.43,0.9,0.65,188,0.93,0.58,0.43
PA,651,102,263,457,24,63,"198,135","39,627",8.424,1.856,562,2.14,1.23,0.86,281,1.07,0.61,0.43,183,0.7,0.4,0.28,124,5.17,1.97,1.22,62,2.58,0.98,0.61,40,1.67,0.63,0.39
DE,1.845,237,601,1.223,62,149,"637,120","127,424",26.493,5.684,1.766,2.94,1.44,0.96,883,1.47,0.72,0.48,576,0.96,0.47,0.31,379,6.11,2.54,1.6,189,3.05,1.27,0.8,124,2,0.83,0.52
NC,1.005,90,251,628,17,54,"385,088","77,018",16.374,3.607,1.092,4.35,1.74,1.09,546,2.18,0.87,0.54,356,1.42,0.57,0.35,240,14.12,4.44,2.67,120,7.06,2.22,1.33,78,4.59,1.44,0.87
VA,1.051,84,357,704,22,53,"350,240","70,048",14.721,3.2,981,2.75,1.39,0.93,491,1.38,0.7,0.47,320,0.9,0.45,0.3,213,9.68,4.02,2.54,107,4.86,2.02,1.27,70,3.18,1.32,0.83
NC,2.87,499,843,1.857,40,269,"899,862","179,972",37.943,8.278,2.53,3,1.36,0.88,1.265,1.5,0.68,0.44,825,0.98,0.44,0.29,552,13.8,2.05,1.11,276,6.9,1.03,0.55,180,4.5,0.67,0.36
MA,1.525,169,425,975,43,106,"652,386","130,477",27.111,5.812,1.807,4.25,1.85,1.18,904,2.13,0.93,0.59,589,1.39,0.6,0.39,387,9,3.65,2.29,194,4.51,1.83,1.15,126,2.93,1.19,0.75
WA,369,58,200,285,33,45,"220,972","44,194",9.17,1.963,611,3.06,2.14,1.66,306,1.53,1.07,0.83,199,1,0.7,0.54,131,3.97,2.91,2.26,65,1.97,1.44,1.12,43,1.3,0.96,0.74
PA,868,79,267,567,8,43,"343,334","68,667",14.448,3.145,963,3.61,1.7,1.11,482,1.81,0.85,0.56,314,1.18,0.55,0.36,210,26.25,4.88,2.66,105,13.13,2.44,1.33,68,8.5,1.58,0.86
OH,1.555,158,543,1.049,66,112,"493,628","98,726",21.117,4.685,1.408,2.59,1.34,0.91,704,1.3,0.67,0.45,459,0.85,0.44,0.3,312,4.73,2.79,1.97,156,2.36,1.39,0.99,102,1.55,0.91,0.65
